Time,Bezug (W),Einspeisung (W),Energie - Eigenverbrauch (W),Produktion (W),Verbrauch (W)
01.02.2021 00:00,"253.94","0","0","0","253.94"
01.02.2021 01:00,"208.4082","0","0","0","208.4082"
01.02.2021 02:00,"224.5342","0","0","0","224.5342"
01.02.2021 03:00,"197.2366","0","0","0","197.2366"
01.02.2021 04:00,"207.3215","0","0","0","207.3215"
01.02.2021 05:00,"219.7144","0","0","0","219.7144"
01.02.2021 06:00,"200.3913","0","0","0","200.3913"
01.02.2021 07:00,"232.5577","0","0","0","232.5577"
01.02.2021 08:00,"175.7547","75.9864","73.2636","149.25","249.0182"
01.02.2021 09:00,"222.1482","9.5907","170.9093","180.5","393.0575"
01.02.2021 10:00,"312.6339","519.1212","347.7121","866.8333","660.3459"
01.02.2021 11:00,"0.0226","153.3672","317.1328","470.5","317.1554"
01.02.2021 12:00,"1138.4854","496.5788","388.0879","884.6667","1526.5732"
01.02.2021 13:00,"0","1861.9041","183.3459","2045.25","183.3459"
01.02.2021 14:00,"5.534","394.98","213.8533","608.8333","219.3873"
01.02.2021 15:00,"35.4589","39.594","201.4059","241","236.8648"
01.02.2021 16:00,"159.6389","65.9652","110.2848","176.25","269.9237"
01.02.2021 17:00,"510.0037","0","15.2","15.2","525.2037"
01.02.2021 18:00,"381.1306","0","0","0","381.1306"
01.02.2021 19:00,"285.8644","0","0","0","285.8644"
01.02.2021 20:00,"267.7252","0","0","0","267.7252"
01.02.2021 21:00,"349.8922","0","0","0","349.8922"
01.02.2021 22:00,"288.2025","0","0","0","288.2025"
01.02.2021 23:00,"227.9989","0","0","0","227.9989"
02.02.2021 00:00,"171.2776","0","0","0","171.2776"
02.02.2021 01:00,"164.2905","0","0","0","164.2905"
02.02.2021 02:00,"154.0347","0","0","0","154.0347"
02.02.2021 03:00,"162.1208","0","0","0","162.1208"
02.02.2021 04:00,"154.9961","0","0","0","154.9961"
02.02.2021 05:00,"165.4079","0","0","0","165.4079"
02.02.2021 06:00,"230.7622","0","0","0","230.7622"
02.02.2021 07:00,"207.0824","0","0","0","207.0824"
02.02.2021 08:00,"190.3533","0","37.3333","37.3333","227.6867"
02.02.2021 09:00,"16.414","121.0513","178.3653","299.4167","194.7793"
02.02.2021 10:00,"0","514.8867","195.6133","710.5","195.6133"
02.02.2021 11:00,"0","659.9809","191.6024","851.5833","191.6024"
02.02.2021 12:00,"0","971.7303","190.2697","1162","190.2697"
02.02.2021 13:00,"0","971.5619","224.6881","1196.25","224.6881"
02.02.2021 14:00,"0","522.8691","224.1309","747","224.1309"
02.02.2021 15:00,"25.255","63.0934","206.4066","269.5","231.6616"
02.02.2021 16:00,"129.8637","30.3935","164.3565","194.75","294.2202"
02.02.2021 17:00,"1458.8745","0","0","0","1458.8745"
02.02.2021 18:00,"728.9617","0","0","0","728.9617"
02.02.2021 19:00,"308.4391","0","0","0","308.4391"
02.02.2021 20:00,"268.3972","0","0","0","268.3972"
02.02.2021 21:00,"287.9677","0","0","0","287.9677"
02.02.2021 22:00,"343.1917","0","0","0","343.1917"
02.02.2021 23:00,"324.9421","0","0","0","324.9421"
03.02.2021 00:00,"397.0824","0","0","0","397.0824"
03.02.2021 01:00,"181.5303","0","0","0","181.5303"
03.02.2021 02:00,"190.1883","0","0","0","190.1883"
03.02.2021 03:00,"144.5128","0","0","0","144.5128"
03.02.2021 04:00,"154.5502","0","0","0","154.5502"
03.02.2021 05:00,"166.9356","0","0","0","166.9356"
03.02.2021 06:00,"171.5476","0","0","0","171.5476"
03.02.2021 07:00,"166.696","0","0","0","166.696"
03.02.2021 08:00,"207.0572","0","0","0","207.0572"
03.02.2021 09:00,"675.8683","15.6546","196.2621","211.9167","872.1304"
03.02.2021 10:00,"913.2603","5.3533","164.48","169.8333","1077.7404"
03.02.2021 11:00,"438.5808","244.1845","252.9822","497.1667","691.563"
03.02.2021 12:00,"1.3904","84.7279","208.7721","293.5","210.1625"
03.02.2021 13:00,"546.6402","54.1346","195.6154","249.75","742.2556"
03.02.2021 14:00,"30.617","96.7504","227.4162","324.1667","258.0332"
03.02.2021 15:00,"15.0243","97.1902","196.6432","293.8333","211.6675"
03.02.2021 16:00,"66.6247","25.6768","130.3232","156","196.9479"
03.02.2021 17:00,"327.8633","0","3","3","330.8633"
03.02.2021 18:00,"448.9769","0","0","0","448.9769"
03.02.2021 19:00,"326.1771","0","0","0","326.1771"
03.02.2021 20:00,"216.6842","0","0","0","216.6842"
03.02.2021 21:00,"255.4681","0","0","0","255.4681"
03.02.2021 22:00,"676.5652","0","0","0","676.5652"
03.02.2021 23:00,"302.382","0","0","0","302.382"
04.02.2021 00:00,"249.3813","0","0","0","249.3813"
04.02.2021 01:00,"200.838","0","0","0","200.838"
04.02.2021 02:00,"166.8672","0","0","0","166.8672"
04.02.2021 03:00,"163.1018","0","0","0","163.1018"
04.02.2021 04:00,"172.6113","0","0","0","172.6113"
04.02.2021 05:00,"176.6072","0","0","0","176.6072"
04.02.2021 06:00,"186.4763","0","0","0","186.4763"
04.02.2021 07:00,"177.2949","0","55","55","232.2949"
04.02.2021 08:00,"10.0528","1092.8444","139.3223","1232.1666","149.375"
04.02.2021 09:00,"0","2855.2588","543.658","3398.9167","543.658"
04.02.2021 10:00,"0","3031.5981","387.4851","3419.0833","387.4851"
04.02.2021 11:00,"69.3356","1743.0809","1292.5023","3035.5833","1361.8379"
04.02.2021 12:00,"11.6173","1802.4326","968.2341","2770.6667","979.8514"
04.02.2021 13:00,"46.0043","2183.896","406.4373","2590.3333","452.4416"
04.02.2021 14:00,"356.539","1276.7682","837.9818","2114.75","1194.5208"
04.02.2021 15:00,"0","477.0861","382.4973","859.5833","382.4973"
04.02.2021 16:00,"318.3105","6.5042","137.5791","144.0833","455.8896"
04.02.2021 17:00,"347.0989","0","0","0","347.0989"
04.02.2021 18:00,"329.7065","0","0","0","329.7065"
04.02.2021 19:00,"298.4063","0","0","0","298.4063"
04.02.2021 20:00,"265.3526","0","0","0","265.3526"
04.02.2021 21:00,"397.1291","0","0","0","397.1291"
04.02.2021 22:00,"349.3981","0","0","0","349.3981"
04.02.2021 23:00,"280.3122","0","0","0","280.3122"
05.02.2021 00:00,"222.2637","0","0","0","222.2637"
05.02.2021 01:00,"214.3369","0","0","0","214.3369"
05.02.2021 02:00,"208.886","0","0","0","208.886"
05.02.2021 03:00,"178.9405","0","0","0","178.9405"
05.02.2021 04:00,"190.4565","0","0","0","190.4565"
05.02.2021 05:00,"207.4571","0","0","0","207.4571"
05.02.2021 06:00,"187.6826","0","0","0","187.6826"
05.02.2021 07:00,"186.0799","0","0","0","186.0799"
05.02.2021 08:00,"243.8758","0","0","0","243.8758"
05.02.2021 09:00,"942.7269","0","35.8333","35.8333","978.5602"
05.02.2021 10:00,"220.5242","59.6044","167.8122","227.4167","388.3364"
05.02.2021 11:00,"129.1057","1073.3928","635.2738","1708.6666","764.3795"
05.02.2021 12:00,"187.5964","753.1783","338.9883","1092.1666","526.5847"
05.02.2021 13:00,"392.6959","665.642","413.2746","1078.9166","805.9705"
05.02.2021 14:00,"4.669","505.1508","254.6826","759.8333","259.3516"
05.02.2021 15:00,"674.603","2.1426","119.6074","121.75","794.2103"
05.02.2021 16:00,"168.4451","0","48.4167","48.4167","216.8618"
05.02.2021 17:00,"263.5885","0","0","0","263.5885"
05.02.2021 18:00,"315.7574","0","0","0","315.7574"
05.02.2021 19:00,"288.8918","0","0","0","288.8918"
05.02.2021 20:00,"283.2779","0","0","0","283.2779"
05.02.2021 21:00,"265.9949","0","0","0","265.9949"
05.02.2021 22:00,"455.6131","0","0","0","455.6131"
05.02.2021 23:00,"389.3586","0","0","0","389.3586"
06.02.2021 00:00,"206.8526","0","0","0","206.8526"
06.02.2021 01:00,"157.5401","0","0","0","157.5401"
06.02.2021 02:00,"161.099","0","0","0","161.099"
06.02.2021 03:00,"151.8904","0","0","0","151.8904"
06.02.2021 04:00,"178.9216","0","0","0","178.9216"
06.02.2021 05:00,"154.9111","0","0","0","154.9111"
06.02.2021 06:00,"179.2831","0","0","0","179.2831"
06.02.2021 07:00,"148.6803","0","0","0","148.6803"
06.02.2021 08:00,"137.5918","22.2382","7.2618","29.5","144.8536"
06.02.2021 09:00,"391.4124","90.2373","345.5128","435.75","736.9251"
06.02.2021 10:00,"0","879.5259","244.6407","1124.1666","244.6407"
06.02.2021 11:00,"0","1027.978","210.022","1238","210.022"
06.02.2021 12:00,"0","585.3682","248.4651","833.8333","248.4651"
06.02.2021 13:00,"856.883","64.8115","397.4385","462.25","1254.3215"
06.02.2021 14:00,"277.6001","0","63.1667","63.1667","340.7667"
06.02.2021 15:00,"264.1467","0","69.1667","69.1667","333.3134"
06.02.2021 16:00,"294.4521","0","0","0","294.4521"
06.02.2021 17:00,"351.1462","0","0","0","351.1462"
06.02.2021 18:00,"286.6705","0","0","0","286.6705"
06.02.2021 19:00,"275.5318","0","0","0","275.5318"
06.02.2021 20:00,"269.5157","0","0","0","269.5157"
06.02.2021 21:00,"229.0294","0","0","0","229.0294"
06.02.2021 22:00,"219.5762","0","0","0","219.5762"
06.02.2021 23:00,"272.4639","0","0","0","272.4639"
07.02.2021 00:00,"202.0377","0","0","0","202.0377"
07.02.2021 01:00,"168.3218","0","0","0","168.3218"
07.02.2021 02:00,"182.5318","0","0","0","182.5318"
07.02.2021 03:00,"174.899","0","0","0","174.899"
07.02.2021 04:00,"197.7698","0","0","0","197.7698"
07.02.2021 05:00,"184.0703","0","0","0","184.0703"
07.02.2021 06:00,"176.9574","0","0","0","176.9574"
07.02.2021 07:00,"188.417","0","0","0","188.417"
07.02.2021 08:00,"221.8267","0","0","0","221.8267"
07.02.2021 09:00,"107.6201","135.4588","159.7912","295.25","267.4113"
07.02.2021 10:00,"125.0443","730.4061","516.4273","1246.8334","641.4716"
07.02.2021 11:00,"298.8091","2165.2346","818.0154","2983.25","1116.8245"
07.02.2021 12:00,"682.8872","10.9109","176.5057","187.4167","859.3929"
07.02.2021 13:00,"390.3309","0","49.5833","49.5833","439.9142"
07.02.2021 14:00,"76.5931","58.2236","371.6098","429.8333","448.2029"
07.02.2021 15:00,"518.2936","3.7197","255.947","259.6667","774.2406"
07.02.2021 16:00,"419.2396","0","24.0833","24.0833","443.3229"
07.02.2021 17:00,"1301.5917","0","0","0","1301.5917"
07.02.2021 18:00,"313.1171","0","0","0","313.1171"
07.02.2021 19:00,"298.1169","0","0","0","298.1169"
07.02.2021 20:00,"252.5711","0","0","0","252.5711"
07.02.2021 21:00,"386.6706","0","0","0","386.6706"
07.02.2021 22:00,"570.4467","0","0","0","570.4467"
07.02.2021 23:00,"469.9726","0","0","0","469.9726"
08.02.2021 00:00,"189.3952","0","0","0","189.3952"
08.02.2021 01:00,"160.3134","0","0","0","160.3134"
08.02.2021 02:00,"139.6185","0","0","0","139.6185"
08.02.2021 03:00,"154.9794","0","0","0","154.9794"
08.02.2021 04:00,"152.5203","0","0","0","152.5203"
08.02.2021 05:00,"166.5434","0","0","0","166.5434"
08.02.2021 06:00,"172.031","0","0","0","172.031"
08.02.2021 07:00,"164.613","0","0","0","164.613"
08.02.2021 08:00,"153.2237","42.4657","62.7843","105.25","216.008"
08.02.2021 09:00,"0","314.0547","239.3619","553.4167","239.3619"
08.02.2021 10:00,"542.2148","266.9577","489.709","756.6667","1031.9238"
08.02.2021 11:00,"299.0919","1433.0133","445.0701","1878.0834","744.162"
08.02.2021 12:00,"382.5827","664.0768","768.2566","1432.3334","1150.8392"
08.02.2021 13:00,"48.7294","649.879","303.871","953.75","352.6005"
08.02.2021 14:00,"54.3146","168.2008","209.9658","378.1667","264.2804"
08.02.2021 15:00,"94.2925","35.3247","179.592","214.9167","273.8845"
08.02.2021 16:00,"277.5407","0","16.0833","16.0833","293.624"
08.02.2021 17:00,"379.1562","0","0","0","379.1562"
08.02.2021 18:00,"361.0643","0","0","0","361.0643"
08.02.2021 19:00,"316.6194","0","0","0","316.6194"
08.02.2021 20:00,"302.5919","0","0","0","302.5919"
08.02.2021 21:00,"736.6349","0","0","0","736.6349"
08.02.2021 22:00,"607.7018","0","0","0","607.7018"
08.02.2021 23:00,"453.4864","0","0","0","453.4864"
09.02.2021 00:00,"190.209","0","0","0","190.209"
09.02.2021 01:00,"187.0144","0","0","0","187.0144"
09.02.2021 02:00,"147.7583","0","0","0","147.7583"
09.02.2021 03:00,"159.2799","0","0","0","159.2799"
09.02.2021 04:00,"168.5763","0","0","0","168.5763"
09.02.2021 05:00,"151.8362","0","0","0","151.8362"
09.02.2021 06:00,"172.5602","0","0","0","172.5602"
09.02.2021 07:00,"167.3841","0","0","0","167.3841"
09.02.2021 08:00,"335.1081","0","0","0","335.1081"
09.02.2021 09:00,"642.823","0","0","0","642.823"
09.02.2021 10:00,"732.3621","0","0","0","732.3621"
09.02.2021 11:00,"717.4428","0","0","0","717.4428"
09.02.2021 12:00,"844.4052","0","0","0","844.4052"
09.02.2021 13:00,"246.04","0","0","0","246.04"
09.02.2021 14:00,"629.4984","0","0","0","629.4984"
09.02.2021 15:00,"1010.8868","0","0","0","1010.8868"
09.02.2021 16:00,"245.6716","0","0","0","245.6716"
09.02.2021 17:00,"1169.3463","0","0","0","1169.3463"
09.02.2021 18:00,"272.1187","0","0","0","272.1187"
09.02.2021 19:00,"275.2162","0","0","0","275.2162"
09.02.2021 20:00,"252.9023","0","0","0","252.9023"
09.02.2021 21:00,"339.5422","0","0","0","339.5422"
09.02.2021 22:00,"299.3853","0","0","0","299.3853"
09.02.2021 23:00,"303.8384","0","0","0","303.8384"
10.02.2021 00:00,"230.8853","0","0","0","230.8853"
10.02.2021 01:00,"182.7798","0","0","0","182.7798"
10.02.2021 02:00,"178.321","0","0","0","178.321"
10.02.2021 03:00,"194.4932","0","0","0","194.4932"
10.02.2021 04:00,"180.4484","0","0","0","180.4484"
10.02.2021 05:00,"188.2277","0","0","0","188.2277"
10.02.2021 06:00,"213.1401","0","0","0","213.1401"
10.02.2021 07:00,"195.7605","0","0","0","195.7605"
10.02.2021 08:00,"296.5968","0","0","0","296.5968"
10.02.2021 09:00,"288.9726","0","0","0","288.9726"
10.02.2021 10:00,"398.7275","0","0","0","398.7275"
10.02.2021 11:00,"742.5845","0","0","0","742.5845"
10.02.2021 12:00,"833.3056","0","0","0","833.3056"
10.02.2021 13:00,"828.9766","0","0","0","828.9766"
10.02.2021 14:00,"291.4445","0","0","0","291.4445"
10.02.2021 15:00,"241.0912","0","0","0","241.0912"
10.02.2021 16:00,"394.4307","0","0","0","394.4307"
10.02.2021 17:00,"224.5161","0","0","0","224.5161"
10.02.2021 18:00,"389.6546","0","0","0","389.6546"
10.02.2021 19:00,"271.1844","0","0","0","271.1844"
10.02.2021 20:00,"342.2308","0","0","0","342.2308"
10.02.2021 21:00,"588.8041","0","0","0","588.8041"
10.02.2021 22:00,"306.6013","0","0","0","306.6013"
10.02.2021 23:00,"199.0201","0","0","0","199.0201"
11.02.2021 00:00,"190.7578","0","0","0","190.7578"
11.02.2021 01:00,"162.119","0","0","0","162.119"
11.02.2021 02:00,"150.582","0","0","0","150.582"
11.02.2021 03:00,"133.4695","0","0","0","133.4695"
11.02.2021 04:00,"172.3572","0","0","0","172.3572"
11.02.2021 05:00,"388.9239","0","0","0","388.9239"
11.02.2021 06:00,"261.4624","0","0","0","261.4624"
11.02.2021 07:00,"271.4137","0","0","0","271.4137"
11.02.2021 08:00,"170.8745","0","0","0","170.8745"
11.02.2021 09:00,"409.0431","0","0","0","409.0431"
11.02.2021 10:00,"242.9467","0","0","0","242.9467"
11.02.2021 11:00,"544.6584","0","126.125","126.125","670.7834"
11.02.2021 12:00,"518.4438","19.3643","231.1357","250.5","749.5795"
11.02.2021 13:00,"138.9668","196.8006","254.0327","450.8333","392.9996"
11.02.2021 14:00,"226.5511","105.1264","145.5403","250.6667","372.0914"
11.02.2021 15:00,"68.0596","133.3282","96.5884","229.9167","164.648"
11.02.2021 16:00,"196.1457","0","18.75","18.75","214.8957"
11.02.2021 17:00,"196.9364","0","0","0","196.9364"
11.02.2021 18:00,"590.3093","0","0","0","590.3093"
11.02.2021 19:00,"536.556","0","0","0","536.556"
11.02.2021 20:00,"910.0948","0","0","0","910.0948"
11.02.2021 21:00,"701.5113","0","0","0","701.5113"
11.02.2021 22:00,"535.9857","0","0","0","535.9857"
11.02.2021 23:00,"485.3422","0","0","0","485.3422"
12.02.2021 00:00,"252.7463","0","0","0","252.7463"
12.02.2021 01:00,"169.4879","0","0","0","169.4879"
12.02.2021 02:00,"182.5762","0","0","0","182.5762"
12.02.2021 03:00,"165.5137","0","0","0","165.5137"
12.02.2021 04:00,"190.0784","0","0","0","190.0784"
12.02.2021 05:00,"183.8521","0","0","0","183.8521"
12.02.2021 06:00,"188.8005","0","0","0","188.8005"
12.02.2021 07:00,"179.7278","0","0","0","179.7278"
12.02.2021 08:00,"213.1106","0","37.2","37.2","250.3106"
12.02.2021 09:00,"84.799","52.1959","262.5541","314.75","347.3531"
12.02.2021 10:00,"268.4508","263.9409","345.3091","609.25","613.7599"
12.02.2021 11:00,"368.3366","477.1769","595.9897","1073.1666","964.3263"
12.02.2021 12:00,"624.4561","419.0653","1032.7681","1451.8334","1657.2241"
12.02.2021 13:00,"0","1304.1893","257.9773","1562.1666","257.9773"
12.02.2021 14:00,"0","1209.8674","242.2992","1452.1666","242.2992"
12.02.2021 15:00,"88.0165","794.5499","288.8667","1083.4166","376.8832"
12.02.2021 16:00,"104.3903","75.9052","118.0948","194","222.4851"
12.02.2021 17:00,"285.175","0","16.6","16.6","301.775"
12.02.2021 18:00,"311.4823","0","0","0","311.4823"
12.02.2021 19:00,"374.6213","0","0","0","374.6213"
12.02.2021 20:00,"226.4484","0","0","0","226.4484"
12.02.2021 21:00,"263.642","0","0","0","263.642"
12.02.2021 22:00,"391.7893","0","0","0","391.7893"
12.02.2021 23:00,"515.2259","0","0","0","515.2259"
13.02.2021 00:00,"390.7296","0","0","0","390.7296"
13.02.2021 01:00,"170.2733","0","0","0","170.2733"
13.02.2021 02:00,"141.912","0","0","0","141.912"
13.02.2021 03:00,"145.6955","0","0","0","145.6955"
13.02.2021 04:00,"152.0903","0","0","0","152.0903"
13.02.2021 05:00,"172.5307","0","0","0","172.5307"
13.02.2021 06:00,"164.2572","0","0","0","164.2572"
13.02.2021 07:00,"177.0104","0","0","0","177.0104"
13.02.2021 08:00,"360.3459","36.3294","150.8372","187.1667","511.1831"
13.02.2021 09:00,"0","459.2758","212.2242","671.5","212.2242"
13.02.2021 10:00,"157.8195","1282.767","573.0664","1855.8334","730.8859"
13.02.2021 11:00,"0","1958.274","921.476","2879.75","921.476"
13.02.2021 12:00,"0","2900.4146","390.4187","3290.8333","390.4187"
13.02.2021 13:00,"0","2859.2129","592.2871","3451.5","592.2871"
13.02.2021 14:00,"0","2222.0737","862.343","3084.4167","862.343"
13.02.2021 15:00,"0","1973.1536","317.7632","2290.9167","317.7632"
13.02.2021 16:00,"727.0245","482.6573","329.0927","811.75","1056.1172"
13.02.2021 17:00,"1891.425","0","20.3636","20.3636","1911.7887"
13.02.2021 18:00,"1406.6572","0","0","0","1406.6572"
13.02.2021 19:00,"507.9934","0","0","0","507.9934"
13.02.2021 20:00,"468.4602","0","0","0","468.4602"
13.02.2021 21:00,"1269.8069","0","0","0","1269.8069"
13.02.2021 22:00,"1068.2604","0","0","0","1068.2604"
13.02.2021 23:00,"479.3529","0","0","0","479.3529"
14.02.2021 00:00,"416.3397","0","0","0","416.3397"
14.02.2021 01:00,"425.5342","0","0","0","425.5342"
14.02.2021 02:00,"341.7863","0","0","0","341.7863"
14.02.2021 03:00,"326.9157","0","0","0","326.9157"
14.02.2021 04:00,"374.2535","0","0","0","374.2535"
14.02.2021 05:00,"352.8051","0","0","0","352.8051"
14.02.2021 06:00,"366.1841","0","0","0","366.1841"
14.02.2021 07:00,"345.782","0","0","0","345.782"
14.02.2021 08:00,"157.5501","230.1815","189.9019","420.0833","347.4519"
14.02.2021 09:00,"0","1783.8572","222.4762","2006.3334","222.4762"
14.02.2021 10:00,"0","3342.072","124.3447","3466.4167","124.3447"
14.02.2021 11:00,"0","4567.9365","564.73","5132.6665","564.73"
14.02.2021 12:00,"0","5154.2598","750.9067","5905.1665","750.9067"
14.02.2021 13:00,"0","5127.606","970.394","6098","970.394"
14.02.2021 14:00,"0","4790.166","880.9175","5671.0835","880.9175"
14.02.2021 15:00,"0","4157.1387","91.2778","4248.4165","91.2778"
14.02.2021 16:00,"5.6853","1542.4993","284.9174","1827.4166","290.6026"
14.02.2021 17:00,"1068.4132","0","46.9091","46.9091","1115.3223"
14.02.2021 18:00,"268.0379","0","0","0","268.0379"
14.02.2021 19:00,"211.6657","0","0","0","211.6657"
14.02.2021 20:00,"535.7777","0","0","0","535.7777"
14.02.2021 21:00,"560.7315","0","0","0","560.7315"
14.02.2021 22:00,"547.5413","0","0","0","547.5413"
14.02.2021 23:00,"328.942","0","0","0","328.942"
15.02.2021 00:00,"167.4484","0","0","0","167.4484"
15.02.2021 01:00,"170.0049","0","0","0","170.0049"
15.02.2021 02:00,"157.7819","0","0","0","157.7819"
15.02.2021 03:00,"142.5965","0","0","0","142.5965"
15.02.2021 04:00,"152.6529","0","0","0","152.6529"
15.02.2021 05:00,"155.1151","0","0","0","155.1151"
15.02.2021 06:00,"168.8018","0","0","0","168.8018"
15.02.2021 07:00,"165.2222","0","0","0","165.2222"
15.02.2021 08:00,"206.3837","340.9628","256.2872","597.25","462.6708"
15.02.2021 09:00,"0","1007.5928","278.4072","1286","278.4072"
15.02.2021 10:00,"0","1015.535","286.3817","1301.9166","286.3817"
15.02.2021 11:00,"0","621.0435","214.3732","835.4167","214.3732"
15.02.2021 12:00,"65.8974","1159.4756","331.1078","1490.5834","397.0051"
15.02.2021 13:00,"0","1188.7157","331.0343","1519.75","331.0343"
15.02.2021 14:00,"0","956.4052","207.2614","1163.6666","207.2614"
15.02.2021 15:00,"460.6274","239.5235","334.5599","574.0833","795.1873"
15.02.2021 16:00,"358.757","5.5214","108.8119","114.3333","467.5689"
15.02.2021 17:00,"611.1755","0","0","0","611.1755"
15.02.2021 18:00,"292.0406","0","0","0","292.0406"
15.02.2021 19:00,"266.7052","0","0","0","266.7052"
15.02.2021 20:00,"485.9932","0","0","0","485.9932"
15.02.2021 21:00,"1001.2456","0","0","0","1001.2456"
15.02.2021 22:00,"369.5393","0","0","0","369.5393"
15.02.2021 23:00,"336.5839","0","0","0","336.5839"
16.02.2021 00:00,"235.4692","0","0","0","235.4692"
16.02.2021 01:00,"198.8934","0","0","0","198.8934"
16.02.2021 02:00,"168.8789","0","0","0","168.8789"
16.02.2021 03:00,"178.5686","0","0","0","178.5686"
16.02.2021 04:00,"179.2544","0","0","0","179.2544"
16.02.2021 05:00,"190.4611","0","0","0","190.4611"
16.02.2021 06:00,"213.2769","0","0","0","213.2769"
16.02.2021 07:00,"219.3336","0","0","0","219.3336"
16.02.2021 08:00,"147.4257","62.236","111.8474","174.0833","259.2731"
16.02.2021 09:00,"0","558.9506","299.8827","858.8333","299.8827"
16.02.2021 10:00,"0","1599.5183","223.6483","1823.1666","223.6483"
16.02.2021 11:00,"194.6052","3554.8101","433.4399","3988.25","628.0452"
16.02.2021 12:00,"9.0317","2693.6182","814.6318","3508.25","823.6636"
16.02.2021 13:00,"0","2278.2769","740.6399","3018.9167","740.6399"
16.02.2021 14:00,"212.0784","1051.1027","543.064","1594.1666","755.1423"
16.02.2021 15:00,"0","566.8153","200.1847","767","200.1847"
16.02.2021 16:00,"2.3875","177.5797","212.2537","389.8333","214.6412"
16.02.2021 17:00,"270.897","0","59.25","59.25","330.147"
16.02.2021 18:00,"312.6625","0","0","0","312.6625"
16.02.2021 19:00,"399.1527","0","0","0","399.1527"
16.02.2021 20:00,"309.9854","0","0","0","309.9854"
16.02.2021 21:00,"327.2902","0","0","0","327.2902"
16.02.2021 22:00,"329.86","0","0","0","329.86"
16.02.2021 23:00,"303.1767","0","0","0","303.1767"
17.02.2021 00:00,"204.1105","0","0","0","204.1105"
17.02.2021 01:00,"182.8056","0","0","0","182.8056"
17.02.2021 02:00,"151.109","0","0","0","151.109"
17.02.2021 03:00,"149.5442","0","0","0","149.5442"
17.02.2021 04:00,"166.0145","0","0","0","166.0145"
17.02.2021 05:00,"157.2469","0","0","0","157.2469"
17.02.2021 06:00,"157.8508","0","0","0","157.8508"
17.02.2021 07:00,"181.3034","0","0","0","181.3034"
17.02.2021 08:00,"69.6339","147.9665","90.0335","238","159.6674"
17.02.2021 09:00,"64.7622","1042.7218","288.6948","1331.4166","353.457"
17.02.2021 10:00,"96.4561","2024.4282","287.0718","2311.5","383.5279"
17.02.2021 11:00,"0","3529.0508","196.116","3725.1667","196.116"
17.02.2021 12:00,"0","5652.5747","166.5918","5819.1665","166.5918"
17.02.2021 13:00,"0","2717.0754","222.3413","2939.4167","222.3413"
17.02.2021 14:00,"0","4931.2275","7.439","4938.6665","7.439"
17.02.2021 15:00,"0","736.3867","218.1967","954.5833","218.1967"
17.02.2021 16:00,"4.4636","518.6616","223.6718","742.3333","228.1354"
17.02.2021 17:00,"236.4851","0","37.9167","37.9167","274.4018"
17.02.2021 18:00,"366.3935","0","0","0","366.3935"
17.02.2021 19:00,"293.0942","0","0","0","293.0942"
17.02.2021 20:00,"249.8412","0","0","0","249.8412"
17.02.2021 21:00,"291.0742","0","0","0","291.0742"
17.02.2021 22:00,"301.5097","0","0","0","301.5097"
17.02.2021 23:00,"286.4875","0","0","0","286.4875"
18.02.2021 00:00,"227.5463","0","0","0","227.5463"
18.02.2021 01:00,"188.889","0","0","0","188.889"
18.02.2021 02:00,"163.2935","0","0","0","163.2935"
18.02.2021 03:00,"165.4459","0","0","0","165.4459"
18.02.2021 04:00,"159.9586","0","0","0","159.9586"
18.02.2021 05:00,"182.3049","0","0","0","182.3049"
18.02.2021 06:00,"175.6792","0","0","0","175.6792"
18.02.2021 07:00,"176.9867","0","0","0","176.9867"
18.02.2021 08:00,"28.6492","258.0836","153.4164","411.5","182.0657"
18.02.2021 09:00,"0","2242.7378","163.679","2406.4167","163.679"
18.02.2021 10:00,"0","2792.0027","475.4141","3267.4167","475.4141"
18.02.2021 11:00,"0","3340.2805","147.7195","3488","147.7195"
18.02.2021 12:00,"0","2542.6958","1193.3875","3736.0833","1193.3875"
18.02.2021 13:00,"68.5005","1317.7621","455.5713","1773.3334","524.0718"
18.02.2021 14:00,"0","983.4039","236.8461","1220.25","236.8461"
18.02.2021 15:00,"0","1313.3845","230.2821","1543.6666","230.2821"
18.02.2021 16:00,"0","190.739","278.8443","469.5833","278.8443"
18.02.2021 17:00,"200.5485","1.5518","58.8118","60.3636","259.3603"
18.02.2021 18:00,"330.5941","0","0","0","330.5941"
18.02.2021 19:00,"393.4016","0","0","0","393.4016"
18.02.2021 20:00,"339.8602","0","0","0","339.8602"
18.02.2021 21:00,"310.4539","0","0","0","310.4539"
18.02.2021 22:00,"331.8463","0","0","0","331.8463"
18.02.2021 23:00,"356.0387","0","0","0","356.0387"
19.02.2021 00:00,"292.8241","0","0","0","292.8241"
19.02.2021 01:00,"209.704","0","0","0","209.704"
19.02.2021 02:00,"173.7321","0","0","0","173.7321"
19.02.2021 03:00,"171.7823","0","0","0","171.7823"
19.02.2021 04:00,"187.3475","0","0","0","187.3475"
19.02.2021 05:00,"163.2673","0","0","0","163.2673"
19.02.2021 06:00,"169.5203","0","0","0","169.5203"
19.02.2021 07:00,"178.2346","0","0","0","178.2346"
19.02.2021 08:00,"490.2894","83.3652","128.6348","212","618.9242"
19.02.2021 09:00,"0","718.9766","304.1068","1023.0833","304.1068"
19.02.2021 10:00,"0","2825.3086","743.2747","3568.5833","743.2747"
19.02.2021 11:00,"0","3787.3171","211.1829","3998.5","211.1829"
19.02.2021 12:00,"339.6756","1720.5851","1457.8317","3178.4167","1797.5073"
19.02.2021 13:00,"90.3333","2213.1042","652.729","2865.8333","743.0623"
19.02.2021 14:00,"0","2516.8586","197.9746","2714.8333","197.9746"
19.02.2021 15:00,"0","2420.5493","134.4507","2555","134.4507"
19.02.2021 16:00,"0","1390.1692","179.0808","1569.25","179.0808"
19.02.2021 17:00,"378.2339","110.5037","67.663","178.1667","445.8969"
19.02.2021 18:00,"376.0179","0","0","0","376.0179"
19.02.2021 19:00,"257.7291","0","0","0","257.7291"
19.02.2021 20:00,"272.4975","0","0","0","272.4975"
19.02.2021 21:00,"246.3739","0","0","0","246.3739"
19.02.2021 22:00,"265.4277","0","0","0","265.4277"
19.02.2021 23:00,"280.4688","0","0","0","280.4688"
20.02.2021 00:00,"260.9386","0","0","0","260.9386"
20.02.2021 01:00,"203.1457","0","0","0","203.1457"
20.02.2021 02:00,"175.736","0","0","0","175.736"
20.02.2021 03:00,"153.5172","0","0","0","153.5172"
20.02.2021 04:00,"170.8064","0","0","0","170.8064"
20.02.2021 05:00,"180.6134","0","0","0","180.6134"
20.02.2021 06:00,"166.5618","0","0","0","166.5618"
20.02.2021 07:00,"123.882","56.5992","54.128","110.7273","178.01"
20.02.2021 08:00,"0","1627.9447","100.0553","1728","100.0553"
20.02.2021 09:00,"0","2876.3552","703.6448","3580","703.6448"
20.02.2021 10:00,"0","4910.9629","88.1206","4999.0835","88.1206"
20.02.2021 11:00,"0","4125.7588","909.2412","5035","909.2412"
20.02.2021 12:00,"0","5094.3989","746.6011","5841","746.6011"
20.02.2021 13:00,"0","5690.2554","405.6611","6095.9165","405.6611"
20.02.2021 14:00,"0","4972.6582","87.3418","5060","87.3418"
20.02.2021 15:00,"0","3234.0549","400.0283","3634.0833","400.0283"
20.02.2021 16:00,"0","1272.8804","305.953","1578.8334","305.953"
20.02.2021 17:00,"324.0255","18.7207","132.5293","151.25","456.5548"
20.02.2021 18:00,"367.0811","0","0","0","367.0811"
20.02.2021 19:00,"479.1556","0","0","0","479.1556"
20.02.2021 20:00,"856.4664","0","0","0","856.4664"
20.02.2021 21:00,"283.9183","0","0","0","283.9183"
20.02.2021 22:00,"293.5298","0","0","0","293.5298"
20.02.2021 23:00,"313.7228","0","0","0","313.7228"
21.02.2021 00:00,"369.2128","0","0","0","369.2128"
21.02.2021 01:00,"247.8862","0","0","0","247.8862"
21.02.2021 02:00,"275.8257","0","0","0","275.8257"
21.02.2021 03:00,"265.0116","0","0","0","265.0116"
21.02.2021 04:00,"272.7941","0","0","0","272.7941"
21.02.2021 05:00,"255.0669","0","0","0","255.0669"
21.02.2021 06:00,"216.0868","0","0","0","216.0868"
21.02.2021 07:00,"98.7744","143.0569","91.8598","234.9167","190.6342"
21.02.2021 08:00,"0","1923.3174","142.1826","2065.5","142.1826"
21.02.2021 09:00,"0","3861.02","359.8135","4220.8335","359.8135"
21.02.2021 10:00,"0","5305.9429","322.0571","5628","322.0571"
21.02.2021 11:00,"0","5743.3359","507.3306","6250.6665","507.3306"
21.02.2021 12:00,"0","5988.7656","237.9844","6226.75","237.9844"
21.02.2021 13:00,"0","5573.1543","613.5122","6186.6665","613.5122"
21.02.2021 14:00,"0","5120.4292","315.5708","5436","315.5708"
21.02.2021 15:00,"0","3736.5037","374.0798","4110.5835","374.0798"
21.02.2021 16:00,"0","1783.5577","380.1923","2163.75","380.1923"
21.02.2021 17:00,"684.8267","103.4653","106.5347","210","791.3614"
21.02.2021 18:00,"450.1205","0","0","0","450.1205"
21.02.2021 19:00,"743.6162","0","0","0","743.6162"
21.02.2021 20:00,"757.797","0","0","0","757.797"
21.02.2021 21:00,"807.6213","0","0","0","807.6213"
21.02.2021 22:00,"719.1628","0","0","0","719.1628"
21.02.2021 23:00,"679.5516","0","0","0","679.5516"
22.02.2021 00:00,"560.4568","0","0","0","560.4568"
22.02.2021 01:00,"347.2914","0","0","0","347.2914"
22.02.2021 02:00,"338.0813","0","0","0","338.0813"
22.02.2021 03:00,"353.111","0","0","0","353.111"
22.02.2021 04:00,"362.4605","0","0","0","362.4605"
22.02.2021 05:00,"366.6609","0","0","0","366.6609"
22.02.2021 06:00,"378.4346","0","0","0","378.4346"
22.02.2021 07:00,"243.0011","59.0557","109.5276","168.5833","352.5287"
22.02.2021 08:00,"0","1140.1686","353.248","1493.4166","353.248"
22.02.2021 09:00,"0","3251.9338","294.7329","3546.6667","294.7329"
22.02.2021 10:00,"0","4548.6499","303.4336","4852.0835","303.4336"
22.02.2021 11:00,"0","3425.0208","333.896","3758.9167","333.896"
22.02.2021 12:00,"0","2116.5374","356.3794","2472.9167","356.3794"
22.02.2021 13:00,"0","5268.6147","553.6353","5822.25","553.6353"
22.02.2021 14:00,"0","4813.29","296.0435","5109.3335","296.0435"
22.02.2021 15:00,"0","3064.2271","392.8562","3457.0833","392.8562"
22.02.2021 16:00,"0","1150.7454","403.088","1553.8334","403.088"
22.02.2021 17:00,"1261.3949","22.4178","138.7489","161.1667","1400.1438"
22.02.2021 18:00,"1321.4645","0","0","0","1321.4645"
22.02.2021 19:00,"494.9968","0","0","0","494.9968"
22.02.2021 20:00,"533.9484","0","0","0","533.9484"
22.02.2021 21:00,"683.5912","0","0","0","683.5912"
22.02.2021 22:00,"678.571","0","0","0","678.571"
22.02.2021 23:00,"590.5916","0","0","0","590.5916"
23.02.2021 00:00,"187.7538","0","0","0","187.7538"
23.02.2021 01:00,"186.5898","0","0","0","186.5898"
23.02.2021 02:00,"204.1335","0","0","0","204.1335"
23.02.2021 03:00,"179.0084","0","0","0","179.0084"
23.02.2021 04:00,"203.1411","0","0","0","203.1411"
23.02.2021 05:00,"165.2948","0","0","0","165.2948"
23.02.2021 06:00,"516.4453","0","0","0","516.4453"
23.02.2021 07:00,"218.5949","13.8135","46.1865","60","264.7814"
23.02.2021 08:00,"0","989.9316","213.735","1203.6666","213.735"
23.02.2021 09:00,"0","2649.6277","202.0391","2851.6667","202.0391"
23.02.2021 10:00,"0","3870.7869","567.3796","4438.1665","567.3796"
23.02.2021 11:00,"0","4570.0098","820.9902","5391","820.9902"
23.02.2021 12:00,"0","4956.5845","675.999","5632.5835","675.999"
23.02.2021 13:00,"0","3667.5762","1648.5073","5316.0835","1648.5073"
23.02.2021 14:00,"0","3805.1865","644.897","4450.0835","644.897"
23.02.2021 15:00,"0","2537.3772","523.3728","3060.75","523.3728"
23.02.2021 16:00,"73.5894","862.4951","497.5883","1360.0834","571.1777"
23.02.2021 17:00,"168.446","62.1502","112.5165","174.6667","280.9624"
23.02.2021 18:00,"275.9571","0","0","0","275.9571"
23.02.2021 19:00,"280.899","0","0","0","280.899"
23.02.2021 20:00,"322.8818","0","0","0","322.8818"
23.02.2021 21:00,"501.0147","0","0","0","501.0147"
23.02.2021 22:00,"518.9446","0","0","0","518.9446"
23.02.2021 23:00,"238.5778","0","0","0","238.5778"
24.02.2021 00:00,"177.7543","0","0","0","177.7543"
24.02.2021 01:00,"164.3767","0","0","0","164.3767"
24.02.2021 02:00,"148.2046","0","0","0","148.2046"
24.02.2021 03:00,"158.2184","0","0","0","158.2184"
24.02.2021 04:00,"151.898","0","0","0","151.898"
24.02.2021 05:00,"230.1483","0","0","0","230.1483"
24.02.2021 06:00,"251.2552","0","0","0","251.2552"
24.02.2021 07:00,"191.5099","32.845","52.3217","85.1667","243.8315"
24.02.2021 08:00,"0","1118.7865","168.6301","1287.4166","168.6301"
24.02.2021 09:00,"0","2935.4041","153.4292","3088.8333","153.4292"
24.02.2021 10:00,"0","4187.5459","347.9541","4535.5","347.9541"
24.02.2021 11:00,"0","4666.4688","690.8647","5357.3335","690.8647"
24.02.2021 12:00,"0","5308.8877","224.0288","5532.9165","224.0288"
24.02.2021 13:00,"0","4806.1436","454.1064","5260.25","454.1064"
24.02.2021 14:00,"0","3441.2708","875.8958","4317.1665","875.8958"
24.02.2021 15:00,"0","2730.5715","262.6785","2993.25","262.6785"
24.02.2021 16:00,"154.3065","742.4739","616.2761","1358.75","770.5826"
24.02.2021 17:00,"607.6019","4.8135","181.1865","186","788.7885"
24.02.2021 18:00,"1025.6169","0","0","0","1025.6169"
24.02.2021 19:00,"324.5787","0","0","0","324.5787"
24.02.2021 20:00,"292.403","0","0","0","292.403"
24.02.2021 21:00,"432.7718","0","0","0","432.7718"
24.02.2021 22:00,"520.3894","0","0","0","520.3894"
24.02.2021 23:00,"289.2983","0","0","0","289.2983"
25.02.2021 00:00,"183.069","0","0","0","183.069"
25.02.2021 01:00,"167.3504","0","0","0","167.3504"
25.02.2021 02:00,"145.7627","0","0","0","145.7627"
25.02.2021 03:00,"157.5334","0","0","0","157.5334"
25.02.2021 04:00,"172.3272","0","0","0","172.3272"
25.02.2021 05:00,"167.0234","0","0","0","167.0234"
25.02.2021 06:00,"175.9552","0","0","0","175.9552"
25.02.2021 07:00,"122.385","96.6757","53.5743","150.25","175.9593"
25.02.2021 08:00,"0","1720.2435","98.8398","1819.0834","98.8398"
25.02.2021 09:00,"0","3386.9573","355.9595","3742.9167","355.9595"
25.02.2021 10:00,"0","4596.5146","498.3188","5094.8335","498.3188"
25.02.2021 11:00,"0","5426.5596","521.1904","5947.75","521.1904"
25.02.2021 12:00,"0","5894.5039","211.3296","6105.8335","211.3296"
25.02.2021 13:00,"0","5936.4512","74.6323","6011.0835","74.6323"
25.02.2021 14:00,"0","5169.1504","32.0996","5201.25","32.0996"
25.02.2021 15:00,"0","2455.2478","1440.4189","3895.6667","1440.4189"
25.02.2021 16:00,"0","1727.9996","178.5004","1906.5","178.5004"
25.02.2021 17:00,"96.4807","134.8714","131.1286","266","227.6093"
25.02.2021 18:00,"422.7128","0","0","0","422.7128"
25.02.2021 19:00,"289.7927","0","0","0","289.7927"
25.02.2021 20:00,"288.6868","0","0","0","288.6868"
25.02.2021 21:00,"343.7645","0","0","0","343.7645"
25.02.2021 22:00,"477.0713","0","0","0","477.0713"
25.02.2021 23:00,"278.5057","0","0","0","278.5057"
26.02.2021 00:00,"244.4335","0","0","0","244.4335"
26.02.2021 01:00,"218.1004","0","0","0","218.1004"
26.02.2021 02:00,"221.6937","0","0","0","221.6937"
26.02.2021 03:00,"205.5458","0","0","0","205.5458"
26.02.2021 04:00,"215.8436","0","0","0","215.8436"
26.02.2021 05:00,"200.4104","0","0","0","200.4104"
26.02.2021 06:00,"219.6325","0","0","0","219.6325"
26.02.2021 07:00,"156.6073","56.2603","77.4897","133.75","234.097"
26.02.2021 08:00,"0","1368.1259","204.2075","1572.3334","204.2075"
26.02.2021 09:00,"0","2483.4856","214.8477","2698.3333","214.8477"
26.02.2021 10:00,"0","2320.5347","354.9653","2675.5","354.9653"
26.02.2021 11:00,"0","4758.2144","584.7021","5342.9165","584.7021"
26.02.2021 12:00,"24.9952","2083.8525","768.6475","2852.5","793.6427"
26.02.2021 13:00,"0","1508.3721","244.6279","1753","244.6279"
26.02.2021 14:00,"171.7004","1038.4202","367.9965","1406.4166","539.6969"
26.02.2021 15:00,"411.9091","114.3671","392.2996","506.6667","804.2087"
26.02.2021 16:00,"142.3228","0.9801","185.3532","186.3333","327.676"
26.02.2021 17:00,"286.684","0","21.8333","21.8333","308.5174"
26.02.2021 18:00,"369.0053","0","0","0","369.0053"
26.02.2021 19:00,"388.5503","0","0","0","388.5503"
26.02.2021 20:00,"382.5147","0","0","0","382.5147"
26.02.2021 21:00,"281.1779","0","0","0","281.1779"
26.02.2021 22:00,"424.7355","0","0","0","424.7355"
26.02.2021 23:00,"338.1974","0","0","0","338.1974"
27.02.2021 00:00,"176.9211","0","0","0","176.9211"
27.02.2021 01:00,"219.0744","0","0","0","219.0744"
27.02.2021 02:00,"159.3137","0","0","0","159.3137"
27.02.2021 03:00,"160.9999","0","0","0","160.9999"
27.02.2021 04:00,"159.6709","0","0","0","159.6709"
27.02.2021 05:00,"209.7813","0","0","0","209.7813"
27.02.2021 06:00,"192.3109","0","0","0","192.3109"
27.02.2021 07:00,"154.25","9.0348","22.3819","31.4167","176.6319"
27.02.2021 08:00,"0","592.5944","148.6556","741.25","148.6556"
27.02.2021 09:00,"63.3365","3171.5278","622.8054","3794.3333","686.1419"
27.02.2021 10:00,"0","5167.6143","597.8857","5765.5","597.8857"
27.02.2021 11:00,"0","3764.0193","268.3975","4032.4167","268.3975"
27.02.2021 12:00,"0","4493.3589","288.5576","4781.9165","288.5576"
27.02.2021 13:00,"0","5699.8682","323.9653","6023.8335","323.9653"
27.02.2021 14:00,"0","5559.9946","272.1719","5832.1665","272.1719"
27.02.2021 15:00,"0","3962.3572","391.8093","4354.1665","391.8093"
27.02.2021 16:00,"0","2078.2522","317.2478","2395.5","317.2478"
27.02.2021 17:00,"860.1663","89.2264","287.6902","376.9167","1147.8566"
27.02.2021 18:00,"1411.8447","0","5","5","1416.8447"
27.02.2021 19:00,"318.6405","0","0","0","318.6405"
27.02.2021 20:00,"264.9946","0","0","0","264.9946"
27.02.2021 21:00,"326.3199","0","0","0","326.3199"
27.02.2021 22:00,"518.6557","0","0","0","518.6557"
27.02.2021 23:00,"551.7592","0","0","0","551.7592"
28.02.2021 00:00,"207.5066","0","0","0","207.5066"
28.02.2021 01:00,"168.5367","0","0","0","168.5367"
28.02.2021 02:00,"168.8525","0","0","0","168.8525"
28.02.2021 03:00,"185.0465","0","0","0","185.0465"
28.02.2021 04:00,"170.5935","0","0","0","170.5935"
28.02.2021 05:00,"189.6261","0","0","0","189.6261"
28.02.2021 06:00,"173.7418","0","0","0","173.7418"
28.02.2021 07:00,"81.8635","343.1625","87.1708","430.3333","169.0343"
28.02.2021 08:00,"0","2318.55","115.0332","2433.5833","115.0332"
28.02.2021 09:00,"0","4129.7949","300.2886","4430.0835","300.2886"
28.02.2021 10:00,"0","5603.8389","111.2446","5715.0835","111.2446"
28.02.2021 11:00,"0","6071.2612","128.0723","6199.3335","128.0723"
28.02.2021 12:00,"0","5757.417","568.6665","6326.0835","568.6665"
28.02.2021 13:00,"0","5518.0435","814.29","6332.3335","814.29"
28.02.2021 14:00,"0","4902.0557","767.9443","5670","767.9443"
28.02.2021 15:00,"0","3831.0703","525.6797","4356.75","525.6797"
28.02.2021 16:00,"0","1660.2283","762.0217","2422.25","762.0217"
28.02.2021 17:00,"146.0367","230.0526","186.9474","417","332.9841"
28.02.2021 18:00,"1035.3387","0","5.2","5.2","1040.5387"
28.02.2021 19:00,"462.9377","0","0","0","462.9377"
28.02.2021 20:00,"346.4438","0","0","0","346.4438"
28.02.2021 21:00,"1003.1583","0","0","0","1003.1583"
28.02.2021 22:00,"525.3311","0","0","0","525.3311"
28.02.2021 23:00,"287.5245","0","0","0","287.5245"
